{
  "measured_colors": [
    [
      0.04588526780561578,
      0.04953518671760852,
      0.018599554358309164
    ],
    [
      0.1523361999631249,
      0.1748814644210482,
      0.0708506189440762
    ],
    [
      0.053721548282088305,
      0.10877660791943297,
      0.07502253248900098
    ],
    [
      0.034118698398131135,
      0.060743610832153856,
      0.020085782716638804
    ],
    [
      0.0886759864077331,
      0.13353988767012395,
      0.09176690670281916
    ],
    [
      0.08279808499275175,
      0.2135156786449991,
      0.11015518425268951
    ],
    [
      0.13916815753538817,
      0.11755546576607319,
      0.02445515171048957
    ],
    [
      0.033134457414612954,
      0.06818987733441888,
      0.06823419207717711
    ],
    [
      0.13272904138662941,
      0.10336277630967505,
      0.04219424734874482
    ],
    [
      0.034726354873985836,
      0.03255872604121624,
      0.023969238942154112
    ],
    [
      0.10061274509803896,
      0.18285513783983087,
      0.044086175326161485
    ],
    [
      0.17176278260980102,
      0.17497528356348988,
      0.035594529640649956
    ],
    [
      0.013121305590978247,
      0.035286790894481355,
      0.04596519974180753
    ],
    [
      0.03527936166983994,
      0.0955846511007874,
      0.02891798443412076
    ],
    [
      0.09985977883666165,
      0.058129330614452884,
      0.017602235446707814
    ],
    [
      0.18376953328200807,
      0.22851769006152195,
      0.04229603196071483
    ],
    [
      0.12075362228372104,
      0.09312431941294386,
      0.056372999854345525
    ],
    [
      0.034735297890482034,
      0.1144437122349695,
      0.08386035647422757
    ],
    [
      0.26017746840858896,
      0.4109353144630113,
      0.20421623978805065
    ],
    [
      0.1706682180005594,
      0.2758222069632007,
      0.14023734136975124
    ],
    [
      0.11382715645704927,
      0.18463973570405323,
      0.09397077897306802
    ],
    [
      0.06009042559955222,
      0.09645386689046541,
      0.049157654306858804
    ],
    [
      0.029956457291087556,
      0.04767061493858231,
      0.024295360167413203
    ],
    [
      0.012988988072531175,
      0.020071208768851188,
      0.0103117926807558
    ]
  ],
  "corrected_colors": [
    [
      0.24669428786006814,
      0.16301400275451794,
      0.12545008615477518
    ],
    [
      0.8108549047643258,
      0.5745783830411196,
      0.4755893253804504
    ],
    [
      0.2548236517451308,
      0.3485747673663626,
      0.5215884690429535
    ],
    [
      0.1553837641298416,
      0.20569119668658128,
      0.0865254799882455
    ],
    [
      0.4617867050803696,
      0.4236846916201577,
      0.6789365298805282
    ],
    [
      0.32776277161054357,
      0.7087679802846014,
      0.6208265659986153
    ],
    [
      0.7715763094809924,
      0.3916512735953841,
      0.161836845759379
    ],
    [
      0.16975103429165497,
      0.20710799667071075,
      0.5324187915463716
    ],
    [
      0.7596857626693231,
      0.33111427204677524,
      0.3628452536747349
    ],
    [
      0.19963922514690502,
      0.09988112266192453,
      0.205210724160549
    ],
    [
      0.44352318102216176,
      0.6284872461940905,
      0.09715389927413857
    ],
    [
      0.915686774774111,
      0.5902811181764034,
      0.16785692235948005
    ],
    [
      0.06823999900626793,
      0.10217271111592115,
      0.37184259113702495
    ],
    [
      0.12194973106212585,
      0.328715523516505,
      0.07606369838717586
    ],
    [
      0.5888285652945587,
      0.18462825929009746,
      0.1908587204282987
    ],
    [
      0.9270147501767069,
      0.7810799903139942,
      0.10371221433749338
    ],
    [
      0.7038756307185347,
      0.28812084125863885,
      0.507800746860673
    ],
    [
      0.1282549095799916,
      0.3683015711962567,
      0.5566193387046005
    ],
    [
      1.2876427957181045,
      1.3486984060097431,
      1.3047550389758726
    ],
    [
      0.840276603137602,
      0.9043074183954524,
      0.8992819572366998
    ],
    [
      0.5597919331300218,
      0.60538874319443,
      0.6021303893067597
    ],
    [
      0.2965974295603751,
      0.31608929801348223,
      0.31636915642809493
    ],
    [
      0.14828047326641947,
      0.15617128915193026,
      0.15683544019738874
    ],
    [
      0.06495371027727202,
      0.06563623137836133,
      0.06752997983369814
    ]
  ],
  "reference_colors": [
    [
      0.45098039215686275,
      0.3215686274509804,
      0.26666666666666666
    ],
    [
      0.7607843137254902,
      0.5882352941176471,
      0.5098039215686274
    ],
    [
      0.3843137254901961,
      0.47843137254901963,
      0.615686274509804
    ],
    [
      0.3411764705882353,
      0.4235294117647059,
      0.2627450980392157
    ],
    [
      0.5215686274509804,
      0.5019607843137255,
      0.6941176470588235
    ],
    [
      0.403921568627451,
      0.7411764705882353,
      0.6666666666666666
    ],
    [
      0.8392156862745098,
      0.49411764705882355,
      0.17254901960784313
    ],
    [
      0.3137254901960784,
      0.3568627450980392,
      0.6509803921568628
    ],
    [
      0.7568627450980392,
      0.35294117647058826,
      0.38823529411764707
    ],
    [
      0.3686274509803922,
      0.23529411764705882,
      0.4235294117647059
    ],
    [
      0.615686274509804,
      0.7372549019607844,
      0.25098039215686274
    ],
    [
      0.8784313725490196,
      0.6392156862745098,
      0.1803921568627451
    ],
    [
      0.2196078431372549,
      0.23921568627450981,
      0.5882352941176471
    ],
    [
      0.27450980392156865,
      0.5803921568627451,
      0.28627450980392155
    ],
    [
      0.6862745098039216,
      0.21176470588235294,
      0.23529411764705882
    ],
    [
      0.9058823529411765,
      0.7803921568627451,
      0.12156862745098039
    ],
    [
      0.7333333333333333,
      0.33725490196078434,
      0.5843137254901961
    ],
    [
      0.03137254901960784,
      0.5215686274509804,
      0.6313725490196078
    ],
    [
      0.9529411764705882,
      0.9529411764705882,
      0.9529411764705882
    ],
    [
      0.7843137254901961,
      0.7843137254901961,
      0.7843137254901961
    ],
    [
      0.6274509803921569,
      0.6274509803921569,
      0.6274509803921569
    ],
    [
      0.47843137254901963,
      0.47843137254901963,
      0.4745098039215686
    ],
    [
      0.3333333333333333,
      0.3333333333333333,
      0.3333333333333333
    ],
    [
      0.20392156862745098,
      0.20392156862745098,
      0.20392156862745098
    ]
  ],